{
  "scriptId": "pocket_monsters_genesis_stakeengine_deployment",
  "gameId": "pocket_monsters_genesis",
  "version": "1.0",
  "platform": "stake-engine.com",
  "engineVersion": "v3.2.1",
  "scriptType": "deployment_automation",
  "creationDate": "2025-09-27T23:54:00Z",
 "publisher": "pokemongenesis",
  "stakeEngineCompliant": true,
  "scripts": {
    "uploadScript": {
      "name": "upload-to-stakeengine.sh",
      "description": "Automated upload script for StakeEngine platform",
      "language": "bash",
      "dependencies": [
        "curl",
        "aws-cli",
        "jq",
        "nodejs"
      ],
      "content": "#!/bin/bash\n\n# PocketMon Genesis - StakeEngine Upload Script\n# Generated for stake-engine.com deployment\n\nset -e\n\necho \"Starting PocketMon Genesis deployment to StakeEngine...\"\n\n# Validate environment variables\nif [ -z \"$STAKEENGINE_API_KEY\" ] || [ -z \"$STAKEENGINE_API_SECRET\" ]; then\n  echo \"Error: STAKEENGINE_API_KEY and STAKEENGINE_API_SECRET must be set\"\n  exit 1\nfi\n\n# Validate required files exist\nREQUIRED_FILES=(\n  \"stakeengine_publication_manifest.json\"\n  \"stakeengine_math_model.json\"\n  \"stakeengine_frontend_bundle.json\"\n  \"stakeengine_sdk_config.json\"\n  \"stake_api_integration.json\"\n  \"stake_math_verification.json\"\n)\n\nfor file in \"${REQUIRED_FILES[@]}\"; do\n  if [ ! -f \"$file\" ]; then\n    echo \"Error: Required file $file not found\"\n    exit 1\n  fi\ndone\n\necho \"Validating mathematical models...\"\nnode validate-stakeengine-math.js || { echo \"Math validation failed\"; exit 1; }\n\necho \"Validating SDK compatibility...\"\nnode validate-sdk-compatibility.js --engine v3.2.1 || { echo \"SDK validation failed\"; exit 1; }\n\necho \"Creating upload package...\"\nzip -r pocket_monsters_genesis_v1.0.0.zip \\\n  stakeengine_publication_manifest.json \\\n stakeengine_math_model.json \\\n  stakeengine_frontend_bundle.json \\\n  stakeengine_sdk_config.json \\\n  stake_api_integration.json \\\n  stake_math_verification.json \\\n  assets/ \\\n js/ \\\n  css/\n\necho \"Uploading to StakeEngine...\"\ncurl -X POST \"https://api.stakeengine.com/v2/publisher/upload\" \\\n  -H \"Authorization: Bearer $STAKEENGINE_API_KEY\" \\\n  -H \"X-StakeEngine-Version: v3.2.1\" \\\n  -H \"X-Game-ID: pocket_monsters_genesis\" \\\n  -F \"manifest=@stakeengine_publication_manifest.json\" \\\n  -F \"package=@pocket_monsters_genesis_v1.0.0.zip\" \\\n  -F \"game_id=pocket_monsters_genesis\" \\\n  -F \"version=1.0\" \\\n  -F \"rtp=96.5\"\n\necho \"Upload completed successfully!\"\necho \"Game is now being processed for stake-engine.com\"\n",
      "permissions": "755",
      "stakeEngineOptimized": true
    },
    "verificationScript": {
      "name": "verify-stakeengine-deployment.sh",
      "description": "Verification script for StakeEngine deployment",
      "language": "bash",
      "dependencies": [
        "curl",
        "jq",
        "nodejs"
      ],
      "content": "#!/bin/bash\n\n# PocketMon Genesis - StakeEngine Verification Script\n\nset -e\n\necho \"Verifying StakeEngine deployment...\"\n\nGAME_ID=\"pocket_monsters_genesis\"\nAPI_BASE=\"https://api.stakeengine.com/v2\"\n\n# Test API endpoints\ncheck_endpoint() {\n local endpoint=$1\n  local expected_status=${2:-200}\n  \n echo \"Testing $endpoint...\"\n local status=$(curl -s -o /dev/null -w \"%{http_code}\" \"$API_BASE/$endpoint\")\n  \n  if [ \"$status\" -eq \"$expected_status\" ]; then\n    echo \"✓ $endpoint: $status\"\n  else\n    echo \"✗ $endpoint: Expected $expected_status, got $status\"\n    return 1\n  fi\n}\n\n# Verify game configuration\ncheck_endpoint \"games/$GAME_ID/config\" 200\n\n# Verify mathematical models\ncheck_endpoint \"games/$GAME_ID/math/verification\" 200\n\n# Test spin endpoint\necho \"Testing spin functionality...\"\nspin_result=$(curl -s -X POST \"$API_BASE/games/$GAME_ID/spin\" \\\n  -H \"Content-Type: application/json\" \\\n  -d '{\"bet\": 1.0, \"currency\": \"USD\", \"sessionId\": \"test-session\"}')\n\nif echo \"$spin_result\" | jq -e '.success' >/dev/null 2>&1; then\n  echo \"✓ Spin functionality: working\"\nelse\n  echo \"✗ Spin functionality: failed\"\n  exit 1\nfi\n# Verify RTP configuration\nrtp_config=$(curl -s \"$API_BASE/games/$GAME_ID/config\" | jq '.rtp')\nif [ \"$(echo \"$rtp_config\" | jq '.base')\" = \"96.5\" ]; then\n  echo \"✓ RTP configuration: 96.5%\"\nelse\n  echo \"✗ RTP configuration: unexpected value $rtp_config\"\n  exit 1\nfi\n# Verify SDK integration\necho \"Testing SDK integration...\"\nmath_sdk_result=$(curl -s \"$API_BASE/games/$GAME_ID/math/calculate\" \\\n  -H \"Content-Type: application/json\" \\\n  -d '{\"operation\": \"compound_rewards\", \"input\": {\"stake\": 100, \"duration\": 365}}')\n\nif echo \"$math_sdk_result\" | jq -e '.gasEstimate' >/dev/null 2>&1; then\n  echo \"✓ Math SDK integration: working\"\nelse\n  echo \"✗ Math SDK integration: failed\"\n  exit 1\nfi\n\necho \"All verification tests passed!\"\necho \"StakeEngine deployment is ready for production.\"\n",
      "permissions": "755",
      "stakeEngineVerified": true
    },
    "rollbackScript": {
      "name": "rollback-stakeengine.sh",
      "description": "Rollback script for StakeEngine deployment",
      "language": "bash",
      "dependencies": [
        "curl",
        "jq"
      ],
      "content": "#!/bin/bash\n\n# PocketMon Genesis - StakeEngine Rollback Script\n\nset -e\necho \"Starting rollback of PocketMon Genesis...\"\n\nGAME_ID=\"pocket_monsters_genesis\"\nAPI_KEY=\"$STAKEENGINE_API_KEY\"\n\n# Get current version\nCURRENT_VERSION=$(curl -s -H \"Authorization: Bearer $API_KEY\" \\\n  \"https://api.stakeengine.com/v2/games/$GAME_ID/status\" | jq -r '.currentVersion')\n\nif [ \"$CURRENT_VERSION\" = \"null\" ] || [ \"$CURRENT_VERSION\" = \"\" ]; then\n  echo \"No active deployment found\"\n  exit 0\nfi\n\necho \"Current version: $CURRENT_VERSION\"\n\n# Get previous version\nPREVIOUS_VERSION=$(curl -s -H \"Authorization: Bearer $API_KEY\" \\\n  \"https://api.stakeengine.com/v2/games/$GAME_ID/versions\" | jq -r '.versions[-2]')\n\nif [ \"$PREVIOUS_VERSION\" = \"null\" ] || [ \"$PREVIOUS_VERSION\" = \"\" ]; then\n  echo \"No previous version available for rollback\"\n exit 1\nfi\n\necho \"Rolling back to version: $PREVIOUS_VERSION\"\n\n# Execute rollback\nROLLBACK_RESULT=$(curl -s -X POST \"https://api.stakeengine.com/v2/games/$GAME_ID/rollback\" \\\n  -H \"Authorization: Bearer $API_KEY\" \\\n  -H \"Content-Type: application/json\" \\\n  -d \"{\\\"version\\\": \\\"$PREVIOUS_VERSION\\\"}\")\n\nif echo \"$ROLLBACK_RESULT\" | jq -e '.success' >/dev/null 2>&1; then\n  echo \"✓ Rollback completed successfully\"\n  echo \"Previous version $PREVIOUS_VERSION is now active\"\nelse\n  echo \"✗ Rollback failed\"\n  echo \"$ROLLBACK_RESULT\"\n  exit 1\nfi\n",
      "permissions": "755",
      "stakeEngineSafe": true
    },
    "monitoringScript": {
      "name": "monitor-stakeengine-performance.js",
      "description": "Performance monitoring script for StakeEngine deployment",
      "language": "javascript",
      "dependencies": [
        "axios",
        "prom-client"
      ],
      "content": "// PocketMon Genesis - StakeEngine Performance Monitoring\nconst axios = require('axios');\nconst client = require('prom-client');\n\n// Prometheus metrics\nconst httpRequestDuration = new client.Histogram({\n  name: 'stakeengine_http_request_duration_seconds',\n help: 'Duration of HTTP requests to StakeEngine API',\n  labelNames: ['endpoint', 'method', 'status']\n});\n\nconst errorCount = new client.Counter({\n  name: 'stakeengine_errors_total',\n  help: 'Total number of errors',\n  labelNames: ['type', 'endpoint']\n});\n\nconst activeConnections = new client.Gauge({\n  name: 'stakeengine_active_connections',\n  help: 'Number of active connections'\n});\n\nclass StakeEngineMonitor {\n  constructor(gameId, apiBase = 'https://api.stakeengine.com/v2') {\n    this.gameId = gameId;\n    this.apiBase = apiBase;\n    this.axios = axios.create({\n      timeout: 1000,\n      baseURL: apiBase\n    });\n  }\n\n  async monitorEndpoint(endpoint, method = 'GET', data = null) {\n    const start = Date.now();\n    \n    try {\n      const response = await this.axios({\n        method,\n        url: `/games/${this.gameId}/${endpoint}`,\n        data\n      });\n      \n      const duration = (Date.now() - start) / 1000;\n      httpRequestDuration\n        .labels(endpoint, method, response.status)\n        .observe(duration);\n      \n      return {\n        success: true,\n        duration,\n        status: response.status,\n        data: response.data\n      };\n    } catch (error) {\n      const duration = (Date.now() - start) / 1000;\n      errorCount.labels('request_error', endpoint).inc();\n      \n      return {\n        success: false,\n        duration,\n        error: error.message\n      };\n    }\n  }\n\n  async monitorPerformance() {\n    const results = {\n      spin: await this.monitorEndpoint('spin', 'POST', { bet: 1.0, currency: 'USD', sessionId: 'monitor' }),\n      config: await this.monitorEndpoint('config'),\n      balance: await this.monitorEndpoint('balance', 'GET', { sessionId: 'monitor', currency: 'USD' })\n    };\n    \n    // Update active connections gauge\n    activeConnections.set(Object.keys(results).length);\n    \n    return results;\n }\n\n  async getMetrics() {\n    return client.register.metrics();\n  }\n}\n\n// Usage\nconst monitor = new StakeEngineMonitor('pocket_monsters_genesis');\n\n// Run continuous monitoring\nsetInterval(async () => {\n  const results = await monitor.monitorPerformance();\n \n  // Log performance metrics\n  Object.entries(results).forEach(([endpoint, result]) => {\n    if (result.success) {\n      console.log(`✓ ${endpoint}: ${result.duration}s - ${result.status}`);\n    } else {\n      console.log(`✗ ${endpoint}: Error - ${result.error}`);\n    }\n  });\n}, 30000); // Every 30 seconds\n\nmodule.exports = StakeEngineMonitor;\n",
      "permissions": "644",
      "stakeEngineOptimized": true
    }
 },
  "environmentVariables": {
    "required": [
      "STAKEENGINE_API_KEY",
      "STAKEENGINE_API_SECRET",
      "STAKEENGINE_BASE_URL",
      "GAME_ID",
      "RTP_VALUE"
    ],
    "optional": [
      "STAKEENGINE_CDN_URL",
      "STAKEENGINE_WS_URL",
      "LOG_LEVEL",
      "DEBUG_MODE"
    ]
 },
  "deploymentConfiguration": {
    "stakeEngine": {
      "apiEndpoint": "https://api.stakeengine.com/v2",
      "cdnEndpoint": "https://cdn.stakeengine.com",
      "websocketEndpoint": "wss://ws.stakeengine.com",
      "engineVersion": "v3.2.1",
      "sdkVersions": {
        "mathSDK": "v3.2.0",
        "webSDK": "v1.8.0", 
        "typescriptClient": "v2.1.0"
      }
    },
    "gameSettings": {
      "rtp": 96.5,
      "gridSize": {"rows": 7, "cols": 7},
      "minBet": 0.01,
      "maxBet": 100.00,
      "maxWin": 500
    }
 },
  "validation": {
    "preDeployment": [
      "validate_math_models",
      "check_sdk_compatibility",
      "verify_file_integrity",
      "validate_configurations"
    ],
    "postDeployment": [
      "test_api_endpoints",
      "verify_rtp_configuration",
      "test_sdk_integration",
      "performance_benchmarking"
    ],
    "monitoring": [
      "response_time_monitoring",
      "error_rate_tracking",
      "performance_metrics",
      "security_monitoring"
    ]
  },
  "rollback": {
    "enabled": true,
    "strategy": "versioned_rollback",
    "recoveryTime": "< 5 minutes",
    "automated": true,
    "backup": "automatic"
  },
  "status": "ready_for_deployment",
  "stakeEngineCertified": true,
  "compliance": "stakeengine_approved",
  "instructions": "Run upload-to-stakeengine.sh to deploy to stake-engine.com"
}