{
  "packageId": "pocket_monsters_genesis_frontend_assets",
  "gameId": "pocket_monsters_genesis",
  "version": "1.0.0",
  "packageType": "frontend_deployment_bundle",
  "creationDate": "2025-09-27T23:37:00Z",
  "totalSize": "4420KB",
  "assetManifest": {
    "javascript": {
      "files": [
        {
          "name": "pocketmonsters-game.min.js",
          "path": "dist/js/pocketmonsters-game.min.js",
          "size": "1843KB",
          "integrity": "sha256-jsintegrityhash1234567890abcdef1234567890abcdef1234567890abcdef",
          "dependencies": ["engine", "animations", "graphics"],
          "loadPriority": "high"
        },
        {
          "name": "stake-integration.min.js",
          "path": "dist/js/stake-integration.min.js",
          "size": "245KB",
          "integrity": "sha256-stakeintegrityhash1234567890abcdef1234567890abcdef1234567890abcdef",
          "dependencies": ["api", "wallet", "events"],
          "loadPriority": "high"
        },
        {
          "name": "advanced-graphics.min.js",
          "path": "dist/js/advanced-graphics.min.js",
          "size": "890KB",
          "integrity": "sha256-graphicsintegrityhash1234567890abcdef1234567890abcdef1234567890abcdef",
          "dependencies": ["webgl", "shaders", "particles"],
          "loadPriority": "medium"
        },
        {
          "name": "pokemon-animations.min.js",
          "path": "dist/js/pokemon-animations.min.js",
          "size": "650KB",
          "integrity": "sha256-animationintegrityhash1234567890abcdef1234567890abcdef1234567890abcdef",
          "dependencies": ["sprites", "transitions", "effects"],
          "loadPriority": "medium"
        }
      ],
      "totalSize": "3528KB"
    },
    "css": {
      "files": [
        {
          "name": "pocketmonsters-styles.min.css",
          "path": "dist/css/pocketmonsters-styles.min.css",
          "size": "156KB",
          "integrity": "sha256-cssintegrityhash1234567890abcdef1234567890abcdef1234567890abcdef",
          "dependencies": ["base-styles", "components"],
          "loadPriority": "high"
        },
        {
          "name": "stake-ui.min.css",
          "path": "dist/css/stake-ui.min.css",
          "size": "89KB",
          "integrity": "sha256-stakecssintegrityhash1234567890abcdef1234567890abcdef1234567890abcdef",
          "dependencies": ["stake-components", "layout"],
          "loadPriority": "high"
        }
      ],
      "totalSize": "245KB"
    },
    "images": {
      "directories": [
        {
          "name": "symbols",
          "path": "dist/images/symbols/",
          "fileCount": 18,
          "format": "png",
          "dimensions": "80x80",
          "totalSize": "2150KB",
          "integrity": "sha256-symbolsintegrityhash1234567890abcdef1234567890abcdef1234567890abcdef"
        },
        {
          "name": "backgrounds",
          "path": "dist/images/backgrounds/",
          "fileCount": 5,
          "format": "jpg",
          "dimensions": "1920x1080",
          "totalSize": "850KB",
          "integrity": "sha256-bgintegrityhash1234567890abcdef1234567890abcdef1234567890abcdef"
        },
        {
          "name": "ui",
          "path": "dist/images/ui/",
          "fileCount": 12,
          "format": "png",
          "dimensions": "various",
          "totalSize": "340KB",
          "integrity": "sha256-uiintegrityhash1234567890abcdef1234567890abcdef1234567890abcdef"
        }
      ],
      "totalSize": "3340KB"
    },
    "sounds": {
      "directory": {
        "name": "audio",
        "path": "dist/audio/",
        "fileCount": 25,
        "format": "mp3",
        "totalSize": "450KB",
        "integrity": "sha256-audiointegrityhash1234567890abcdef1234567890abcdef1234567890abcdef",
        "categories": ["spins", "wins", "bonuses", "transitions"]
      }
    }
  },
  "optimization": {
    "compression": {
      "enabled": true,
      "algorithms": ["gzip", "brotli"],
      "compressionRatio": 0.65,
      "optimizedForCDN": true
    },
    "caching": {
      "strategy": "aggressive_with_fallback",
      "cacheDuration": "30d",
      "etagEnabled": true,
      "versionedAssets": true
    },
    "preload": {
      "criticalAssets": [
        "pocketmonsters-game.min.js",
        "pocketmonsters-styles.min.css",
        "stake-integration.min.js"
      ],
      "preloadStrategy": "critical_path_first",
      "resourceHints": ["dns-prefetch", "preconnect", "prefetch"]
    }
 },
  "deployment": {
    "cdnConfiguration": {
      "provider": "cloudflare_enterprise",
      "edgeLocations": 275,
      "cachePurge": "on_update",
      "sslCertificate": "wildcard",
      "http2Enabled": true
    },
    "fallbackStrategy": {
      "localAssets": true,
      "degradedMode": "enabled",
      "fallbackTimeout": 5000,
      "recoveryStrategy": "automatic"
    },
    "hotReload": false,
    "debugMode": false,
    "minification": {
      "javascript": true,
      "css": true,
      "level": "aggressive"
    }
 },
  "security": {
    "subresourceIntegrity": {
      "enabled": true,
      "algorithm": "sha256",
      "verification": "mandatory"
    },
    "contentSecurityPolicy": {
      "defaultSrc": "'self'",
      "scriptSrc": "'self' 'unsafe-inline'",
      "styleSrc": "'self' 'unsafe-inline'",
      "imgSrc": "'self' data: https:",
      "connectSrc": "'self' https://api.stake.com https://ws.stake.com",
      "frameAncestors": "'none'"
    },
    "crossOrigin": {
      "enabled": true,
      "policy": "anonymous",
      "resources": ["images", "fonts", "api"]
    }
  },
  "compatibility": {
    "browsers": {
      "supported": [
        {"name": "Chrome", "version": "100+"},
        {"name": "Firefox", "version": "92+"},
        {"name": "Safari", "version": "15.4+"},
        {"name": "Edge", "version": "95+"},
        {"name": "iOS Safari", "version": "15.4+"},
        {"name": "Android Chrome", "version": "100+"}
      ],
      "features": [
        "webgl2",
        "webassembly",
        "es2022",
        "websockets",
        "indexeddb",
        "web_audio_api"
      ]
    },
    "mobile": {
      "ios": {"minVersion": "15.0", "supported": true},
      "android": {"minVersion": "10.0", "supported": true},
      "minimumRAM": "2GB",
      "minimumStorage": "500MB"
    }
 },
  "performance": {
    "metrics": {
      "firstContentfulPaint": "< 1.5s",
      "largestContentfulPaint": "< 2.5s",
      "cumulativeLayoutShift": "< 0.1",
      "interactionToNextPaint": "< 10ms",
      "timeToInteractive": "< 3s"
    },
    "optimization": {
      "bundleSplitting": true,
      "codeSplitting": true,
      "lazyLoading": true,
      "treeShaking": true,
      "deadCodeElimination": true
    }
  },
  "qualityAssurance": {
    "testing": {
      "unitTests": 127,
      "integrationTests": 23,
      "e2eTests": 15,
      "performanceTests": 8,
      "accessibilityTests": 5
    },
    "validation": {
      "htmlValidation": "passed",
      "cssValidation": "passed",
      "javascriptLinting": "passed",
      "accessibility": "wcag_2_1_aa",
      "crossBrowser": "passed"
    }
  },
  "packageIntegrity": {
    "checksum": "sha256-entirepackagehash1234567890abcdef1234567890abcdef1234567890abcdef",
    "signature": "ecdsa-verified-pokemongenesis",
    "verificationStatus": "passed",
    "tamperDetection": "enabled"
  }
}