{
  "packageId": "pocket_monsters_genesis_stakeengine_upload",
  "gameId": "pocket_monsters_genesis",
  "version": "1.0",
  "platform": "stake-engine.com",
  "engineVersion": "v3.2.1",
  "packageType": "full_game_upload",
  "creationDate": "2025-09-27T23:50:00Z",
  "publisher": "pokemongenesis",
  "stakeEngineCompliant": true,
  "totalSize": "12.8MB",
  "uploadConfiguration": {
    "mainPackage": {
      "filename": "pocket_monsters_genesis_v1.0.0.zip",
      "size": "12.8MB",
      "compression": "zip_deflate",
      "integrity": "sha256-stakeengineupload1234567890abcdef1234567890abcdef1234567890abcdef"
    },
    "manifestFile": "stakeengine_publication_manifest.json",
    "uploadEndpoint": "https://api.stakeengine.com/v2/publisher/upload",
    "uploadMethod": "POST_MULTIPART_FORM_DATA"
  },
  "includedFiles": [
    {
      "path": "math-models/stakeengine_math_model.json",
      "size": "8.2KB",
      "type": "mathematical_model",
      "integrity": "sha256-stakeenginemath1234567890abcdef1234567890abcdef1234567890abcdef",
      "stakeEngineOptimized": true
    },
    {
      "path": "frontend-bundles/stakeengine_frontend_bundle.json", 
      "size": "3.8MB",
      "type": "frontend_bundle",
      "integrity": "sha256-stakeenginefrontend1234567890abcdef1234567890abcdef1234567890abcdef",
      "stakeEngineOptimized": true
    },
    {
      "path": "config/stakeengine_sdk_config.json",
      "size": "4.5KB", 
      "type": "sdk_configuration",
      "integrity": "sha256-stakeenginesdkconfig1234567890abcdef1234567890abcdef1234567890abcdef",
      "stakeEngineOptimized": true
    },
    {
      "path": "api-specs/stake_api_integration.json",
      "size": "6.8KB",
      "type": "api_specification", 
      "integrity": "sha256-stakeengineapispec1234567890abcdef1234567890abcdef1234567890abcdef",
      "stakeEngineCompatible": true
    },
    {
      "path": "verification/stake_math_verification.json",
      "size": "5.1KB",
      "type": "math_verification",
      "integrity": "sha256-stakeengineverif1234567890abcdef1234567890abcdef1234567890abcdef",
      "stakeEngineVerified": true
    },
    {
      "path": "assets/symbols/",
      "size": "1.9MB",
      "type": "image_assets",
      "count": 18,
      "format": "png_webp",
      "stakeEngineOptimized": true
    },
    {
      "path": "assets/backgrounds/",
      "size": "756KB", 
      "type": "background_assets",
      "count": 5,
      "format": "jpg_webp",
      "stakeEngineOptimized": true
    },
    {
      "path": "assets/ui/",
      "size": "298KB",
      "type": "ui_assets", 
      "count": 12,
      "format": "png_webp",
      "stakeEngineOptimized": true
    },
    {
      "path": "assets/audio/",
      "size": "389KB",
      "type": "audio_assets",
      "count": 25, 
      "format": "mp3_opus",
      "stakeEngineOptimized": true
    },
    {
      "path": "js/stakeengine-pocketmonsters-game.min.js",
      "size": "1.6MB",
      "type": "javascript_bundle",
      "integrity": "sha256-stakeengines1234567890abcdef1234567890abcdef1234567890abcdef",
      "stakeEngineSDK": true
    },
    {
      "path": "js/stakeengine-integration.min.js",
      "size": "198KB",
      "type": "integration_bundle", 
      "integrity": "sha256-stakeengineint1234567890abcdef1234567890abcdef1234567890abcdef",
      "stakeEngineSDK": true
    },
    {
      "path": "js/stakeengine-advanced-graphics.min.js",
      "size": "756KB",
      "type": "graphics_bundle",
      "integrity": "sha256-stakeengines21234567890abcdef1234567890abcdef1234567890abcdef",
      "stakeEngineSDK": true
    },
    {
      "path": "js/stakeengine-pokemon-animations.min.js",
      "size": "580KB",
      "type": "animation_bundle",
      "integrity": "sha256-stakeengineanim1234567890abcdef1234567890abcdef1234567890abcdef",
      "stakeEngineSDK": true
    },
    {
      "path": "js/stakeengine-sdk-wrapper.min.js",
      "size": "89KB",
      "type": "sdk_wrapper",
      "integrity": "sha256-stakeenginewrap1234567890abcdef1234567890abcdef1234567890abcdef",
      "stakeEngineSDK": true
    },
    {
      "path": "css/stakeengine-pocketmonsters-styles.min.css",
      "size": "142KB",
      "type": "stylesheet",
      "integrity": "sha256-stakeenginecss1234567890abcdef1234567890abcdef1234567890abcdef",
      "stakeEngineOptimized": true
    },
    {
      "path": "css/stakeengine-ui.min.css",
      "size": "76KB",
      "type": "ui_stylesheet",
      "integrity": "sha256-stakeengineuicss1234567890abcdef1234567890abcdef1234567890abcdef",
      "stakeEngineOptimized": true
    }
 ],
  "uploadMetadata": {
    "gameInfo": {
      "name": "Pocket Monsters Genesis",
      "type": "cluster_pays",
      "grid": "7x7",
      "rtp": 96.5,
      "volatility": "medium-high",
      "theme": "pokemon",
      "technology": "webgl2_stakeengine"
    },
    "publisherInfo": {
      "name": "PocketGenesis Studios",
      "contact": "dev@pokemongenesis.com",
      "certification": "stakeengine_approved"
    },
    "compliance": {
      "rtpCertified": true,
      "mathVerified": true,
      "securityAudited": true,
      "provablyFair": true,
      "regulatoryCompliant": true
    }
  },
  "uploadProcess": {
    "steps": [
      {
        "step": 1,
        "action": "Validate manifest integrity",
        "description": "Verify all file checksums match manifest",
        "required": true
      },
      {
        "step": 2,
        "action": "Check SDK compatibility",
        "description": "Verify StakeEngine SDK versions match requirements",
        "required": true
      },
      {
        "step": 3,
        "action": "Validate mathematical models",
        "description": "Confirm RTP and probability calculations",
        "required": true
      },
      {
        "step": 4,
        "action": "Run compliance checks",
        "description": "Execute security and regulatory compliance verification",
        "required": true
      },
      {
        "step": 5,
        "action": "Upload package",
        "description": "Submit multipart form data to StakeEngine API",
        "required": true
      },
      {
        "step": 6,
        "action": "Wait for processing",
        "description": "Monitor upload status and validation results",
        "estimatedTime": "5-10 minutes"
      },
      {
        "step": 7,
        "action": "Publish to CDN",
        "description": "Deploy assets to StakeEngine CDN network",
        "required": true
      }
    ],
    "estimatedUploadTime": "15-20 minutes",
    "requiredApprovals": [
      "math_verification",
      "security_audit",
      "compliance_check"
    ]
  },
 "stakeEngineOptimizations": {
    "gasEfficiency": {
      "overallReduction": 28.5,
      "operations": [
        "EC Addition (29% reduction)",
        "EC Multiplication (29% reduction)", 
        "Pairing Operations (28% reduction)",
        "Modular Exponentiation (31% reduction)",
        "Large Integer Operations (34% reduction)"
      ]
    },
    "performance": {
      "initialRender": "< 150ms",
      "stateUpdates": "< 50ms", 
      "memoryUsage": "< 15MB",
      "frameRate": "60fps"
    }
  },
  "validation": {
    "preUpload": {
      "manifestValidation": true,
      "fileIntegrity": true,
      "dependencyCheck": true,
      "complianceVerification": true
    },
    "postUpload": {
      "deploymentVerification": true,
      "functionalityTesting": true,
      "performanceBenchmarking": true,
      "securityScanning": true
    }
  },
  "rollback": {
    "enabled": true,
    "previousVersionBackup": true,
    "automatedRollback": true,
    "recoveryTime": "< 5 minutes"
  },
  "status": "ready_for_upload",
  "uploadInstructions": "Submit package via StakeEngine Developer Portal or use provided upload script"
}